link,title
/brx/bar/4799185378.html,BIG WALL UNIT FOR SALE CHEAP or trade for anything intresting
/que/bar/4793221613.html,FT: NEW (refurbished) IPHONE 4S White UNLOCKED
/brx/bar/4799150184.html,iphone 4s 16g for sale or trade for whats ever 
/wch/bar/4761162273.html,"ANIMAL CARETAKING, HOUSECLEANING, ETC. IN EXCHANGE FOR HOUSING"
/brk/bar/4789109732.html,FOR SALE OR TRADE
/mnh/bar/4799265890.html,Professional Video Services for your?
/brk/bar/4783790253.html,Absolut NEW ORLEANS 2007 edition(Case)
/lgi/bar/4759392257.html,Auto body and auto paint
/mnh/bar/4781034310.html,I have copy/scan services for ?
/lgi/bar/4788385448.html,Auto body and auto paint
/fct/bar/4799236246.html,LARGE Lateral FILE CABINET-MUST GO
/fct/bar/4799233362.html,TRADE MY BOAT
/lgi/bar/4771744762.html,Are you a Carpenter or Construction Compny? Need Designs/Truck Letters
/lgi/bar/4789211454.html,WHO WANTS A HAND PAINTED SIGN FOR THEIR COMPANY?
/mnh/bar/4757507748.html,ANTIQUE HAND CARVED OAK BENCH
/lgi/bar/4789661633.html,1999 bmw 528i OBO
/lgi/bar/4791346667.html,1999 bmw 528i OBO
/mnh/bar/4799039886.html,Martial Arts and Strength Conditioning Training
/mnh/bar/4767576745.html,Rubbish Removal
/mnh/bar/4798981455.html,1913 White Pickup Truck for Sale or Trade 
/mnh/bar/4798864754.html,Graphic or Web Design for Trade/Barter 
/mnh/bar/4774978234.html,1982 Buick Riviera for sale or trade
/jsy/bar/4795555333.html,Professional websites made by pros
/lgi/bar/4798958609.html,2004 dogde darango limited
/que/bar/4798950930.html,North Face Steep Tech
/que/bar/4798952252.html,"Bmx, Dirt Jumper Fit Bike Co. CR 24 Inch"
/brk/bar/4785655723.html,60 DVD copies
/jsy/bar/4770094162.html,Bartending School State-Licensing
/que/bar/4769917959.html,ELECTRICIAN FOR BARTER (CHEAP RATES) CONTACT US!!
/que/bar/4765166742.html,ELECTRICIAN FOR BARTER (CHEAP RATES) CONTACT US!!
/que/bar/4756287269.html,NEED A GRAPHIC DESIGNER OR SKETCH ATIST??? CONTACT US CHEAP RATES!!! (
/que/bar/4765165638.html,ELECTRICIAN FOR BARTER (CHEAP RATES) CONTACT US!!
/brk/bar/4790066884.html,"YARD-DESIGN,LANDSCAPE,ROOF,PLASTER,PAINT,CLEAN,CARETAKER,HANDYMAN,TILE"
/brk/bar/4790067334.html,"GC-LANDSCAPER,CARIBBEAN-COOKING,CLEANER,MUSIC-TUTOR,MGT,CARETAKER"
/brk/bar/4778509822.html,"LANDSCAPE, PLANT,land-forsaleFENCE,GARAGE,WATERPROOF,STUCCO,PLASTER"
/brk/bar/4778510617.html,"LANDSCAPER,CARIBBEAN-COOKING,land-forsale,MUSIC-TUTOR,CARETAKER"
/brk/bar/4778509189.html,"LANDSCAPE,land-sale,ROOF,PLASTER,PAINT,CLEAN,CARETAKER,HANDYMAN,TILE"
/wch/bar/4786107392.html,WTB 7-1/2lbs. weight plates
/mnh/bar/4798786526.html,AUTHENTIC BOXING MEMORABILIA
/stn/bar/4798863389.html,push mower for clean garbage pail
/lgi/bar/4779698616.html,1999 yamaha r6 for sale ASIs or trade for?
/mnh/bar/4762492712.html,Pax Screen Replacement by Ploom - Two 3 Packs NEW in BOX
/mnh/bar/4762492980.html,Gleener Fuzz Remover - NEW IN BOX
/mnh/bar/4762493519.html,"Dress, floor length for PROM or Bridesmaid"
/mnh/bar/4762493871.html,Roll of tubing - 600 feet - Microduct
/mnh/bar/4762494183.html,Graco Sport Tot-Lock with Tray
/mnh/bar/4762510976.html,IRIS Airtight Pet Food Container
/mnh/bar/4762511349.html,Books - about DOGS
/mnh/bar/4770444103.html,Plastic 3 drawer storage or dresser
/mnh/bar/4791283407.html,I need a car van or truck
/lgi/bar/4793901254.html,Carpenter/painter/tile worker wanted for barter for winter rent!!
/lgi/bar/4792817553.html,Area 51 full size arcade game
/lgi/bar/4778685546.html,Trade Complete Central Air Conditioning System for your Boat
/lgi/bar/4757030483.html,Trade Complete Central Air Conditioning System for your Boat
/wch/bar/4780488419.html,CARPENTRY
/que/bar/4798729106.html,DUCK BOAT
/stn/bar/4791236847.html,Precious Moments figurines 60 pcs (pick any one you want)
/brx/bar/4780288441.html,1949 oldsmobile for trade horse
/brx/bar/4779636632.html,DMV TEST QUESTIONS AND ANSWERS CDL MOTORCYCLE DRIVING PERMIT EXAM
/que/bar/4763957230.html,CDL PERMIT EXAM MOTORCYCLE PERMIT EXAM GURANTEE PASSING
/que/bar/4768152226.html,MOTORCYCLE EXAM CDL PERMIT EXAM GURANTEE PASSSSING 
/que/bar/4779324761.html,DMV TEST QUESTIONS AND ANSWERS CDL MOTORCYCLE DRIVING PERMIT EXAM
/mnh/bar/4798661809.html,Singer Looking To Barter With Vocal Coach
/brk/bar/4769841654.html,GO KART
/lgi/bar/4798639078.html,I WILL BARTER MY ROOFING SKILLS FOR A CAR
/lgi/bar/4798612804.html,JFK To EastHampton Limo and Town Car Services
/lgi/bar/4761112171.html,NEED HOME IMPROVEMENTS? I will work for free! In exchang for.....
/lgi/bar/4761115434.html,I WILL BARTER MY ROOFING SKILLS FOR A CAR
/que/bar/4789503310.html,Workhorse Step Van 2003
/que/bar/4765039348.html,WILL TRADE BRAND NEW ART EASEL FOR BODY MASSAGE
/que/bar/4764218835.html,WILL TRADE HEAVY DUTY INDUSTRIAL SHELVING FOR LARGE PAINTINGS
/stn/bar/4794429076.html,Lots of Stuff to Trade or Sell
/mnh/bar/4798545002.html,"Purple Hearts potted plants & cuttings 4 bird house, boots or beans "
/stn/bar/4762340846.html,Bartering Professional Tattoo Work
/stn/bar/4774414990.html,PROFESSIONAL TATTOO SHOP WILLING TO BARTER
/mnh/bar/4785753672.html,Didn't you always want to play piano?
/brk/bar/4798522437.html,High End RC DRIFT CARS For Trade or Sale
/lgi/bar/4790997654.html,"Vending Business Barter for Diamond, Classic Car"
/mnh/bar/4775573358.html,Pro Handyman To Trade For Your Massage
/fct/bar/4798510997.html,2008 honda crf150r 
/fct/bar/4773487999.html,3 series BMW V6 Auto (New parts) 
/brk/bar/4787380520.html,1978 Corvette T-top! TRADES - SPRINTER - PICK UP TRUCK CARS WITH TURBO
/mnh/bar/4785117482.html,Selle ITALIA Bike Seat Suede Saddle Brown GORGEOUS
/brx/bar/4781684852.html,looking to trade female dragon for male
/fct/bar/4798410125.html,Honda EU2000i
/brx/bar/4758636477.html,STERLING SILVER 925 MENS CHAIN CROSS MEDALLION 
/lgi/bar/4798461839.html,Nikon L820 Camera !
/lgi/bar/4789944090.html,"38'6"" x 59'6"" blue poly tarp new in box"
/wch/bar/4798469213.html,$115 Home Depot gift car for $60 will not last 
/brx/bar/4793850215.html,hidden nanny spy cam for trade
/brx/bar/4793861107.html,trading wireless spy nanny cams
/wch/bar/4795126987.html,my carpenter and painting skills for your laptop
/jsy/bar/4778857883.html,2 NITRO GAS RC CARS
/brk/bar/4793491378.html,Trade new uggs chestnut classic short for baily button triplet in chestnut
/fct/bar/4764574094.html,"BRAND NEW DUROMAX 4400E GENERATOR SYSTEM & Accessories 120/240VAC, 12V"
/fct/bar/4764569852.html,1000 NEW OLD STOCK 1990's BEANIE BABIES
/que/bar/4760513649.html,TRADE: My NEW DisplayPort Cable(s) for your HDMI Cable(s)
/stn/bar/4798362537.html,2002 yamaha fx 140 jet ski
/fct/bar/4755745253.html,89 notchback mustang for nova chevelle camaro
/que/bar/4794930100.html,NEC 42'' PLASMA T.V. $199 or trade for electronic
