desc,link,title
,/que/bks/4787370084.html,DMV TEST QUESTIONS AND ANSWERS CDL MOTORCYCLE DRIVING PERMIT EXAM
,/brk/bks/4797911698.html,Follow up to best selling book The Power of the Pussy!
,/que/bks/4779807588.html,CDL EXAM GURANTEE PASSING MOTORCYCLE PERMIT EXAM
,/jsy/bkd/4797908434.html,The Power of the Pussy ~ How To Get What You Want From Men!
,/brk/bks/4797972007.html,Sell Your Textbook!!! WE buy all kinds
,/que/bks/4779331154.html,CDL PERMIT EXAM MOTORCYCLE PERMIT EXAM GURANTEE PASSING CALL ME NOW! 
,/que/bks/4756556411.html,Mastering Correction of Accounting Errors
,/que/bks/4756555237.html,Mastering Inventory 
,/mnh/bks/4788356155.html,The Tours of Doctor Syntax (3 volumes )'1820
,/stn/bks/4797934852.html,JACK LONDON STORIES
,/que/bks/4764109673.html,Ray Bradbury + Anne Rice Novels
,/wch/bks/4797738909.html,"BUYING COMIC BOOK COLLECTIONS! ""I PAY MORE THAN THE COMIC STORE!"""
,/mnh/bks/4786428961.html,Chicco Cortina Stroller
,/stn/bks/4797915121.html,IVANHOE
,/stn/bks/4754638913.html,DOG FANCY & CAT FANCY MAGAZINES - VINTAGE
,/mnh/bks/4797906930.html,Abrams ART PORTFOLIO BOOKS & Metropolitan Seminars in Art Full Set
,/brk/bkd/4778585207.html,DRIVING UNDER THE INFLUENCE:BLOOD ANALYSES ALCOHOL CONTROLLED SUBSTNCS
,/brk/bks/4797902991.html,worldbook encyclopedia. full set
,/mnh/bks/4797829396.html,'Magic Inc.' for Kindle/Nook
,/mnh/bks/4797896061.html,New / Nearly New BOOKS
,/mnh/bks/4797891578.html,Boxcar Children
,/mnh/bks/4797885673.html,Junie B Jones
,/mnh/bks/4764866184.html,Women's Triathlon Training Books (Bundle of 3) (Columbia U)
,/mnh/bks/4785434443.html,Fashion Coffee Table Books (Columbia U.)
,/mnh/bks/4797880545.html,Magic Tree House 1-39 (total 35 books)
,/brk/bks/4797828507.html,'Depths of Deception' for Nook/Kindle
,/fct/bks/4797829475.html,Beatrice Potter Book Collection
,/que/bks/4797827306.html,Sony Portable CD player and audio books
,/stn/bks/4788918986.html,NATIONAL LAMPOON MAGAZINES
,/brk/bks/4797826956.html,Directed by VINCENTE MINNELLI by Stephen Harvey
,/mnh/bks/4787534408.html,LSAT BOOKS + Tutoring LESSONS
,/stn/bks/4786681001.html,MASTERING THE ART OF FRENCH COOKING-VOLUME 2-BY JULIA CHILD
,/mnh/bks/4790805172.html,Merriam-Webster's Advanced Learner's English Dictionary
,/brk/bks/4754721390.html,National Geographic Magazine 9 Issues 2004
,/que/bks/4776037119.html,Twilight Saga books
,/fct/bks/4797758404.html,How To Draw Books (8)
,/mnh/bks/4797779712.html,Read Southernmost Point.
,/mnh/bks/4782719644.html,"The Golfer and the Millionaire, Passion for Gold, A Good Walk Spoiled"
,/mnh/bks/4782558014.html,"John Grisham - Client, Chamber, Lawyer, Brethren New York Times Best"
,/mnh/bks/4754731913.html,NY Bar Notes/Outlines! Based on BarBri Course
,/que/bks/4797773558.html,WORD FOR WINDOWS FOR DUMMIES BOOK
,/mnh/bks/4782428672.html,"Disney's Magical Tales, 2 hardcover books plus case "
,/brk/bks/4782193991.html,"RARE BOOKS:HEMINGWAY,BLOK IN ENG,ANTHOLOGY OF VERSE, WITH COMMENTS"
,/fct/bks/4797735399.html,CHESS GAME STRATEGY BOOKS
,/mnh/bks/4797649883.html,Novels 1-6 1st edition James Patterson Women's Murder Club hardcovers
,/mnh/bks/4797648020.html,"Six Jeffery Deaver's hardcovers, inc 1st edition Lincoln Rhyme series"
,/mnh/bks/4784663542.html,Social science books from $ 3
,/mnh/bks/4797625008.html,Seven early Jack Reacher hardcovers by Lee Child
,/fct/bks/4797691648.html,BOOKS - American History
,/mnh/bks/4797622430.html,10 1st edition hardcover novels James Patterson inc early Alex Cross 
,/wch/bkd/4797604201.html,VINTAGE PLAYBOY MAGAZINES 
,/jsy/bks/4775794668.html,Romance novels ( New ) over 355 to select from
,/fct/bks/4797688111.html,BOOKS - Classics
,/jsy/bks/4778724157.html,Aviation History magazine 28 issues to choose from
,/fct/bks/4797700295.html,First Edition Books
,/lgi/bks/4765772298.html,The Art of Indian Cooking by Monica Dutt
,/lgi/bks/4765770770.html,"One Circus, 3 Rings, Forever and Ever, Hooray! by Joseph Pintauro"
,/lgi/bks/4784312476.html,Jamaican Cookery: Recipes from Old Grandmothers
,/fct/bks/4797695340.html,BOOKS - American Revolution
,/fct/bks/4797675250.html,MFG. and INV. Management Books 
,/lgi/bks/4764181139.html,"Steve McQueen: The Last Mile, signed by the Author"
,/lgi/bks/4797692715.html,Giants: 70 Years of Championship Football
,/lgi/bks/4797690574.html,Woman in the Mirror; Richard Avedon
,/que/bks/4777163896.html,Books a Dvd for sale!
,/que/bks/4777163926.html,Curso de Ingles
,/que/bks/4776921946.html,Books a Dvd for sale!
,/lgi/bks/4768965854.html,Children's Book: Hattie the Backstage Bat by Don Freeman
,/lgi/bks/4768964906.html,The Bargello Book by Frances Salter (Needlepoint)
,/lgi/bks/4764167907.html,How to Compromise with Your School District by Gary Mayerson
,/lgi/bks/4788255461.html,Nathan's Famous Hot Dog Cookbook
,/fct/bks/4797683365.html,BOOKS - World History
,/lgi/bks/4774154886.html,The Clark New Pocket Music Dictionary
,/lgi/bks/4778876530.html,Maurice Sendak: Questions to an Artist Pamphlet
,/lgi/bks/4788254563.html,Children's Book: The Ship's Cat by Alan Aldridge & Richard Adams
,/mnh/bks/4781278946.html,FIVE OPERA LIBRETTI - DONIZETTI & VERDI LIBRETTOS OPERA BOOKS
,/mnh/bks/4781278574.html,"THREE LIBRETTI - DONIZETTI, BIZET, ROSSINI "
,/lgi/bks/4784294845.html,The Mystery of the Creaking Windmill (for Middle Schoolers)
,/lgi/bks/4784292560.html,"Ball Blue Book: Easy Guide to Tasty, Thrifty Canning and Freezing"
,/lgi/bks/4787031737.html,"Sironia, Texas by Madison Cooper"
,/lgi/bks/4787028942.html,Olive Oil: A Gourmet Guide
,/fct/bks/4797680145.html,BOOKS - Russian Novels and History
,/lgi/bks/4794205584.html,Children's Book: Street Dog by Richard E. Drdek
,/lgi/bks/4797668887.html,Happy Times by Brendan Gill & Jerome Zerbe
,/mnh/bks/4797666541.html,★__★__★ GEOMETRY WORKBOOK AVAILABLE VIA INSTANT DOWNLOAD
,/fct/bks/4797649045.html,Cooking books
,/mnh/bks/4797528037.html,Phantoms by Dean Koontz
,/que/bks/4797626296.html,LaGuardia Textbooks
,/mnh/bks/4797656010.html,Music scores!
,/mnh/bks/4791573324.html,AST & ACT complete study guide
,/mnh/bks/4780805201.html,DICTIONNAIRE BIBLIOGRAPHIQUE DES ARTISTES CONTEMPORAINS 1910-1930 RARE
,/mnh/bks/4756330178.html,NEW DISNEY HIGH SCHOOL MUSICAL ALL ACCESS Hard cover book - - - - - -
,/mnh/bkd/4797569278.html,New York bookstore buys books at the best prices. DVD's & CD's. Sell. 
,/mnh/bks/4755467929.html,Official MCAT Guide 2014/2015
,/que/bkd/4770313038.html,"Paper Shredder Royal Crosscut Models, HG140MX, 112XW,112MX"
,/fct/bks/4786762270.html,2011 Acura MDX manual
,/brk/bks/4765415887.html,Mastering the Compass Exam Algebra - Joshua Yarmish and Rachel Sturm
,/brk/bks/4797546279.html,"College Books for Sale (Eng, Math, Sociology)"
,/mnh/bks/4797573755.html,OPERA SCORES
,/mnh/bks/4797572406.html,"BIBLE: Life Application Bible, Living Version-Deluxe, Hardcover Padded"
,/mnh/bks/4797570715.html,"BIBLE: Old Scofield� Study Bible, KJV, Classic Edition Leather Bound, "
